1ecccb43e0f5c0162218371916ffa553,C&D Visionary DC Comic Originals Flash Logo Sticker,Toys & Games | Arts & Crafts | Craft Kits,$4.99 ,6
a1793c26a96a83a1544300a431e62902,Klutz Decorate This Journal Toy,Toys & Games | Arts & Crafts | Craft Kits,$16.01 ,10
2b47bdb56e45a2bcd883dda0ac5c396e,Creativity for Kids Clay Keychains,Toys & Games | Arts & Crafts | Clay & Dough,$6.99 ,4
79e3041db1ebd4fdd038c9d2cf0ef04e,Play-Doh Poop Troop Set with 12 Cans,Toys & Games | Arts & Crafts | Clay & Dough,$13.71 ,6
d9809a6fc787570b33d9f44c5d4e1415,"Educational Insights Alphabet Transparent Stamps- Uppercase 5/8""",Toys & Games | Arts & Crafts,$11.12 ,8
8810d7ffdc995fd1905089cf090f2d5d,Bendon Finding Dory Sticker Box,Toys & Games | Arts & Crafts | Craft Kits,$9.99 ,14
b501e323c7a740ad13e56a952dd36dfe,Center Enterprise CE6620 Circular Washable Vivid Orange Stamp Pad,Toys & Games | Arts & Crafts,$10.40 ,11
7b76de91893329969ed1d92bb3f160be,Mudpuppy Princesses Color in Crowns,Toys & Games | Arts & Crafts | Craft Kits,$13.46 ,1
464420bbe766978dc412f3290f213fd2,Wind-Up Walking Families - Duck Family,Toys & Games | Arts & Crafts | Clay & Dough,$4.72 ,4
f70e028050eb2d24a8d58873ff1d7fa7,Faber-Castell Grip Watercolor EcoPencils - 12 Water Color Pencils with Brush,Toys & Games | Arts & Crafts | Drawing & Painting Supplies | Colored Pencils,$7.50 ,15
a9120f43a7645d15d502315dd97c640b,Colorforms Brand Despicable Me Create a Story Restickable Set,Toys & Games | Arts & Crafts | Craft Kits,$9.99 ,7
1a66894a4da3d5abbe0e00ef968b74df,Trends International My Little Pony - Pop Up Stickers - 4 X 8,Toys & Games | Arts & Crafts | Stickers,$4.99 ,1
eed6cc485fa3f9bf7198c7f0cd306aa7,Alex Studio Expressions Easel Case Artist Set Kids Art Supplies,Toys & Games | Arts & Crafts | Craft Kits,$69.99 ,2
e3863d72695739ba0e28f309ae0ba647,Illustrated Faith - Stickers - Word Art,Toys & Games | Arts & Crafts | Stickers,$6.77 ,8
36c53f6d8274afb67a09ede1561c90bf,Color My Heart Pendant Necklace Craft Kit,Toys & Games | Arts & Crafts | Craft Kits | Jewelry,$15.98 ,8
97f1fb00a793066b4792c1e728ffe32c,Fashion Angels Garbage Can of Sand Art Fun (12291) Makes 3 Sand Art Pendants For Ages 3 and Up,Toys & Games | Arts & Crafts | Craft Kits,$9.99 ,5
93c58d1e0750fd139519720eaf1aa3f0,LOL Surprise Fashion Tape Dress by Horizon Group USA,Toys & Games | Arts & Crafts | Craft Kits,$6.99 ,8
fc9698fb20c8cfbd2d1fb4ed51c8e7f7,Style Me Up! Candy Pop to Go Cupcake Purple,Toys & Games | Arts & Crafts | Craft Kits | Jewelry,$7.63 ,14
804c9155f31ee81aa93143d96b82a7a6,Small World Toys Fashion - Bead Gallery Craft Kit,Toys & Games | Arts & Crafts | Craft Kits | Jewelry,$9.99 ,15
982ca130651000684c789a08c3eaca05,ALEX Spa Fab Foil Tattoos Pink,Toys & Games | Arts & Crafts | Craft Kits,$6.17 ,15
9daa8fdb5dccade00da2ac755c2f723d,Beados Season 7 Shopkins Ice Cream Truck,Toys & Games | Arts & Crafts | Craft Kits,$19.99 ,3
51cc8af27c34af55e15c230d4ba6a417,Trends International NFL Atlanta Falcons HG - Mobile Wallet,Toys & Games | Arts & Crafts,$6.99 ,10
ef15311c6bf66d62d38c20fcc307f15e,Play-Doh Tootie The Unicorn Ice Cream Set with 3 Non-Toxic Colors Featuring Color Swirl Compound,Toys & Games | Arts & Crafts | Clay & Dough,$14.99 ,10
4c972f9d7df35c7c3c2fb3ef9f69b678,Carson Dellosa Funky Frogs Shape Stickers (168122),Toys & Games | Arts & Crafts | Stickers,$4.98 ,15
bc4b1284a25486a4e25cdfe77f23ec25,Shrinky Dinks Shrinky Dinks DIY Keepsakes Project Pack Kids Art and Craft Activity,Toys & Games | Arts & Crafts | Craft Kits | Jewelry,$10.00 ,12
7c699d88c9649e7c6bf6d4afd45454a6,Trend Enterprises Trend School Days Sparkle Sticker Variety Pack - Set of 648 - Assorted Colors - T63909,Toys & Games | Arts & Crafts | Stickers,$11.54 ,13
040cc9a38cc90a49b73b621220692421,Coloring Books Ella Drawing Book,Toys & Games | Arts & Crafts,$5.49 ,7
77a47aef2b037eb54e21705b6d9c6036,Disney Frozen 2 Oversized Coloring Book with Paint Palette and Paintbrush 45815,Toys & Games | Arts & Crafts,$7.99 ,14
6a51377e5e107d734a0a8f7247fdcf3b,Trends International Trolls Poppy Wiggle Pens,Toys & Games | Arts & Crafts,$3.99 ,15
f4635d6e2aa6c481ce6dbe3def047ea6,Darice St. Patrick's Day Pot O' Gold Foam Stickers-67 pc,Toys & Games | Arts & Crafts | Stickers,$6.88 ,5
72f80f7f4e8fbf21fb0133e4e10c5a3a,Frozen 2 Fun On The Go,Toys & Games | Arts & Crafts | Craft Kits,$4.61 ,6
0d56ddd1e6cef14147c7749ae0bb48a6,Carson Dellosa Snowflakes Dazzle Stickers (2925),Toys & Games | Arts & Crafts | Stickers,$5.73 ,9
a6978b304dedbd3e69e265a64e52d39e,ALEX Toys Artist Studio First Art Desk,Toys & Games | Arts & Crafts | Drawing & Painting Supplies | Chalk,$104.88 ,13
0e255ab697c27a4a4e021ff06fc220c4,Play-Doh Royal Salon Featuring Disney Princess Rapunzel with Play-Doh Sparkle Compound Collection Bundle,Toys & Games | Arts & Crafts | Clay & Dough,$23.23 ,4
f204db7f91c33afeed16dae7b1f36efe,Disney Minnie Bow Diary,Toys & Games | Arts & Crafts | Craft Kits,$6.99 ,1
38ed12b7f33c4d175888a991e440ac51,Stamps by Impression ST 0883a Holly Christmas Rubber Stamp,Toys & Games | Arts & Crafts,$8.39 ,7
065249112430edabd4a45888913a7b2c,Spirograph Design Tin Set,Toys & Games | Arts & Crafts | Craft Kits,$13.62 ,15
a42c88febc6826b31684eca1ad9c9da2,Creativity for Kids Shrink Fun Tinsel Tree - Decorate A Tiny Tree with Shrink Fun Ornaments - Holiday Crafts for Kids,Toys & Games | Arts & Crafts | Craft Kits,$6.99 ,4
9c5bd7c3813f7bd700d9d993d6a2e563,Shrinky Dinks Creative Pack 20 Sheets Frosted Ruff n' Ready,Toys & Games | Arts & Crafts,$13.95 ,15
9fe6ed011ee456a52142a0e3e486ee3e,Iwako Japanese Chinese Foods Eraser Set,Toys & Games | Arts & Crafts | Drawing & Painting Supplies | Pencil Erasers,$5.58 ,15
a77e16c8e410412d4acc5a49abd396e7,Blackboard Chalk,Toys & Games | Arts & Crafts | Drawing & Painting Supplies | Chalk,$7.48 ,15
60bfc8f970fcb951b1d6273942c0a290,Creativity for Kids Big Gem Diamond Painting Kit - Create Your Own Woodland Forest Friends Diamond Art Stickers and Suncatchers - Diamond Art for Kids,Toys & Games | Arts & Crafts | Craft Kits,$14.99 ,4
6b1b48668c31d27a9fa3cde43d70ea47,ALEX DIY Knot-A Shark Kit Playset,Toys & Games | Arts & Crafts | Craft Kits,$24.74 ,1
ef1cbe56a3d057707c937843172dd7ea,DohVinci 6-Pack Drawing Compound - Mixed Colors,Toys & Games | Arts & Crafts | Clay & Dough,$10.90 ,8
b3d083d8be2033e3cdd95a1e8b7d3495,"INOVART Black Scratchboard 11"" x 14""",Toys & Games | Arts & Crafts | Craft Kits,$12.21 ,14
3267bcc2c95f91f3f281b71043e3f513,ALEX Toys Artist Studio 8 Scented Markers,Toys & Games | Arts & Crafts | Drawing & Painting Supplies | Coloring Pens & Markers,$6.00 ,2
1c8dd11c19874edb2d7492188ba8d3ba,Rose Art LAUR DIY Letter Board Kit,Toys & Games | Arts & Crafts | Craft Kits,$19.99 ,14
8a8338081f5e267402c5eb36f07d5bab,Licenses Products Sublime Drunk Clown Sticker,Toys & Games | Arts & Crafts | Stickers,$4.59 ,10
cca6c9feac01c98b7a0577ba1880a3d8,Disney Toy Story 4 Oversized Coloring and Activity Art Case AS45676,Toys & Games | Arts & Crafts,$10.99 ,7
e1fcf2cb588e6f185a0711082719aa6c,Mudpuppy At the Stable Pixel Pictures,Toys & Games | Arts & Crafts,$11.72 ,8
48d3a4eddb45e6ecbee4b78438846baa,School Smart Conical and Fineline Watercolor Combo Marker Pack - Pack of 192-12 Each of 8 Assorted Colors - 086417,Toys & Games | Arts & Crafts,$28.80 ,4
35b8c6d05e89f7f5832cce7d82b1637c,ORB Slimy Elasti Plasti Tootables Dog - Make Giant Fart Bubbles & Funny Noises,Toys & Games | Arts & Crafts | Clay & Dough,$3.14 ,1
8ee3c1d29834f4eb2f212cd647d775dd,Colorbok Sew Cute Kids Craft Kit,Toys & Games | Arts & Crafts | Craft Kits | Sewing,$14.99 ,12
6a0cb7f471343c21b987db96e579bff6,Licenses Products Blondie Logo Sticker,Toys & Games | Arts & Crafts | Stickers,$4.79 ,5
b064b77fdc0659ff824d76a616d884c7,Crayola Modeling Dough Pony Play Land - 33 pieces,Toys & Games | Arts & Crafts | Clay & Dough,$8.23 ,8
594a7f8c3a18ef27ab51ae0694a8d64c,Darice 9178-94 Wooden Jumbo Jet Model Kit,Toys & Games | Arts & Crafts | Craft Kits | Wood,$3.70 ,8
61f9ce72eec3fb326fa78e528b4c7947,Just My Style Shoelace Bracelets by Horizon Group USA,Toys & Games | Arts & Crafts | Craft Kits | Jewelry,$9.44 ,15
3563cc49f485b4c583616e7f0b22b1f0,Faber-Castell Creative Studio Watercolor Art for Beginners - Create Floral Watercolor Designs,Toys & Games | Arts & Crafts | Craft Kits,$8.90 ,2
c51c5ab22a1659cab247273c05d88064,Sassafras My Little Garden: Paint Your Own Ceramic Fairy Garden Set Paint Kit,Toys & Games | Arts & Crafts | Craft Kits,$15.00 ,12
3a351d5444bccd1de77a2e85d0b38867,Trends International NFL Washington Redskins HG - Mobile Wallet,Toys & Games | Arts & Crafts,$6.99 ,9
407edf1668252a2f1b1a266307676ef4,Tech 4 Kids 3D Magic Imagi Pen,Toys & Games | Arts & Crafts | Craft Kits,$14.39 ,2
9a3631743134887e98b7feb2f4eb4e31,Ideal SNO Scapes Scene Creator Set Kids Outdoor Snow Activity,Toys & Games | Arts & Crafts | Craft Kits | Paint-By-Number Kits,$17.99 ,9
f9393691215755bc4e452f55ede89caf,Cra-Z-Art Nickelodeon Pancakes Squeezies,Toys & Games | Arts & Crafts | Craft Kits,$12.19 ,10
29f0ef47ef406ba8387e2b5ca9ea9c6a,Trends International NFL Miami Dolphins HG - Mobile Wallet,Toys & Games | Arts & Crafts,$6.99 ,6
8b72c9f54570aa49c213e5be3b9f2e86,Trends International Fallout Nuka Cola - 4 Color Decal - 4 X 8,Toys & Games | Arts & Crafts | Stickers,$4.99 ,9
d7402fc85d8178c13d7e7e1fa565f22e,Carson Dellosa Frogs Motivational Stickers (0617),Toys & Games | Arts & Crafts | Stickers,$5.59 ,5
907aaa48da3d80794125f12cc3c2f5c6,Disney Princess Color and Play Giant Sticker Activity Book,Toys & Games | Arts & Crafts,$6.75 ,15
8cf8a76917bbdfbfd0e7ef366d28c275,Name Stampers Arianna Rubber Stamps,Toys & Games | Arts & Crafts,$5.99 ,8
db697d8a11ae1ae790207500ccbecdd7,Art In History EDU104 Hands-On History Civil War Face Jug,Toys & Games | Arts & Crafts,$13.90 ,15
a0ff07ad68e31823a3bd11e56eed6ba7,Crafty Dab Kids Paints - Set of 10 - Assorted Colors - Scented,Toys & Games | Arts & Crafts | Drawing & Painting Supplies | Paints | Tempera & Poster Paint,$19.95 ,7
41348831910e03bbe9db8d453ce4151f,Trends International Hatsune Miku - Standard 4 Sheet,Toys & Games | Arts & Crafts | Stickers,$7.98 ,4
4f73f0f5ed2f279f1d9832d501281f74,Disney Bendon Cars 3 32-Page Giant Sticker Activity Book (73235),Toys & Games | Arts & Crafts,$9.97 ,5
fec4601a994957c9bdd1b94d6828df83,"INOVART Kneaded Erasers Medium Size 1-1/4"" x 3/4"" x 1/4"" - 12 Per Package",Toys & Games | Arts & Crafts | Drawing & Painting Supplies | Pencil Erasers,$11.31 ,10
a2ed812ea9fc07e46730d93ac2932d08,Roylco Brilliant Beads for Kindergarten Art Projects,Toys & Games | Arts & Crafts,$11.99 ,1
affefda040b0ba617898773f773d356a,Orb Plushcraft Pizza Pillow,Toys & Games | Arts & Crafts | Craft Kits,$15.65 ,1
ec91e84b184fefa7c21648d1a0dc691b,Creativity Street LG40006 Crepe Paper Flower Kit-Peonies,Toys & Games | Arts & Crafts | Craft Kits | Paper Craft,$16.69 ,14
8abc77d09c3412336da6f2f4aad218a2,Poppit S1 Shopkins Ballet Collection,Toys & Games | Arts & Crafts | Clay & Dough,$11.00 ,13
14bedf8274d6b0b23a0d5aa11e9ab339,Easy Creations Bead Kit (AC7300),Toys & Games | Arts & Crafts | Craft Kits | Jewelry,$31.11 ,9
33fd919181e56e8d30b48ff29537caad,Creativity for Kids Big Gem Diamond Painting Kit - Create Your Own Magical Stickers & Suncatchers - Diamond Art for Kids,Toys & Games | Arts & Crafts | Craft Kits,$14.99 ,2
6072573c027141031f29f83a93f92a1e,"ROYAL BRUSH Junior Small Paint by Number Kit 8-3/4""X11-3/4-Christmas Wish",Toys & Games | Arts & Crafts | Craft Kits | Paint-By-Number Kits,$9.09 ,8
5f7e7d1fac31f51391b3be7c480d8d6e,Melissa & Doug Playtime Foil Coloring Pad,Toys & Games | Arts & Crafts,$4.99 ,5
2076231034be1fdc38c34c0df382fb29,American Girl Crafts Tech Case Sewing Kit,Toys & Games | Arts & Crafts | Craft Kits | Sewing,$4.30 ,12
0a385701b6b0d7234b1e92e8a96d6083,Dinosaurs Motivational Stickers,Toys & Games | Arts & Crafts | Stickers,$6.01 ,14
d8868d5be79598db72f0c8874d26b707,Kidzaw Master Kitz The Starry Night by Vincent Van Gogh,Toys & Games | Arts & Crafts,$10.75 ,4
ab5232237462a8796c711dce637a6a45,Trends International Trolls - Poppy - 4 Color Decal 4 X 8,Toys & Games | Arts & Crafts | Stickers,$9.51 ,12
c51ff86f838a51067bfab9f8e98b6894,Cra-Z-Art Shimmer and Sparkle Color Craze Fringe Messenger Bag,Toys & Games | Arts & Crafts | Craft Kits,$16.52 ,8
e00cc7f464d8ec7e86c341af4d066538,Shrinky Dinks Creative Pack 25 Sheets Crystal Clear Kids Art and Craft Activity,Toys & Games | Arts & Crafts | Craft Kits,$16.19 ,9
bf6f6fd48e4a986b6eddef6cae25487d,Shrinky Dinks Misty White 6 Sheet Creative Pack,Toys & Games | Arts & Crafts | Craft Kits,$9.77 ,7
1cb29f878fc3a4e8fdbc9aabb0f30ab5,Creativity for Kids 6192000 Sweater Ornaments - Create 3 Ugly Sweater Christmas Tree Ornaments - Holiday Crafts for Kids Multicolor,Toys & Games | Arts & Crafts,$11.58 ,2
c8dc74a00d55e8bcf8a02beb30958641,ARP 2084301 Head Stud Kit,Toys & Games | Arts & Crafts | Craft Kits,$113.74 ,2
cb0e3e9b5128b2a08c5e85a212195808,Pom Pom Wow! - Sparkle Pack,Toys & Games | Arts & Crafts,$4.50 ,7
fdb871290f16fa018ffc6abf04630696,Mrs Grossman Stickers-Multi Micro Stars,Toys & Games | Arts & Crafts | Stickers,$6.26 ,8
6c36ee5c11055c59aab1f8aacf79c0e5,Craft-tastic - String Art Craft Kit - Makes 2 String Art Canvases - Tropical Edition with Flamingo & Pineapple Patterns,Toys & Games | Arts & Crafts | Craft Kits,$19.98 ,14
aa7270f206589d1f6356c54637bd853f,Hallmark Valentine's Day Stickers (Emoticons),Toys & Games | Arts & Crafts | Stickers,$8.09 ,9
3ce967727c22a52d9f684921c9aeff27,Toysmith Design A Galaxy Magnetic Sculpture,Toys & Games | Arts & Crafts | Craft Kits,$9.99 ,12
40d8cd557d94fbad10094a0a6acefb7d,Tara Toys Design A Vinyl Smiley Playset,Toys & Games | Arts & Crafts | Craft Kits,$5.99 ,5
8c5f5ee5fea3cb18c2ebc5dc460b3291,Colorations JPPENCIL Jumbo Colored Pencils 0 (Pack of 120),Toys & Games | Arts & Crafts | Drawing & Painting Supplies | Pencils,$47.80 ,1
7b039a5059e49424b1e0557dace5d35b,American Crafts 8 Roll Washi Tape 3 Creative Devotion,Toys & Games | Arts & Crafts | Adhesives,$10.95 ,14
855353492b3cf7bf42ae11f90632ee06,Carstens Plush Longhorn Kids Coin Bank,Toys & Games | Arts & Crafts | Craft Kits,$24.95 ,9
3e7ac8d28712f2170ddb7f121e25ee17,96PCS MAKE A STICKER ASSORTMENT,Toys & Games | Arts & Crafts | Stickers,$7.86 ,9
0fd38431ad539dcfe441ea68e944e453,Be Good Company Blue Sand (Refill Pack),Toys & Games | Arts & Crafts,$7.99 ,3
897f8de53a55f184c715e3f5b8b50699,Trends International Peppa Pig - Mini STICKERLAND 6PG Pad,Toys & Games | Arts & Crafts | Stickers,$7.51 ,7
54f4efbe44e0c45a37e3cb5fb8a7371c,Fashion Angels CRYSTALIZE It! On The Rocks! Diamond Painting Kit,Toys & Games | Arts & Crafts | Craft Kits,$19.24 ,8
249930434d4f573039be4de690fe206e,ORE International Kids' Primary-Color Drawing Board Easel,Toys & Games | Arts & Crafts | Easels,$78.19 ,15
33bddaf85cd5ba8f6dad94ba89b5e4fd,Style Me Up - Cindrella Coloring Book - Disney Coloring Pages - Fashion Design for Kids - French Version - SMU-2192,Toys & Games | Arts & Crafts,$9.99 ,13
02d655b8c42bc93bd0b9ef5251a1dd66,Stamps by Impression ST 0531 Paw Rubber Stamp,Toys & Games | Arts & Crafts | Printing & Stamping,$7.69 ,14
c18440e9209252cbb82f4802a4204778,KidKraft Deluxe Wood Easel-Natural,Toys & Games | Arts & Crafts | Easels,$96.99 ,5
38d15528152c75185bada8befb214c98,ALEX Toys Artist Studio 5 Swirl Gel Pens,Toys & Games | Arts & Crafts | Drawing & Painting Supplies,$6.93 ,3
6c8bab989b75bebe56b2d7b5c878e9ed,Just My Style Shamballa Bracelets by Horizon Group USA,Toys & Games | Arts & Crafts | Craft Kits | Jewelry,$12.99 ,12
8e477518532710e360edf693128f1eab,Breyer Stablemates Horse Family Painting Craft Activity Set,Toys & Games | Arts & Crafts,$9.99 ,14
b15ecece6ebd19389fce1850b655b921,PlayGo Chocolate Money Maker,Toys & Games | Arts & Crafts | Clay & Dough,$24.99 ,1
cd7caf32594ddff9365256fd5dcd9bf5,Bendon 42423 Fashion Diva Create-a-Face Sticker Book,Toys & Games | Arts & Crafts | Stickers,$5.99 ,14
70abf00a0a298157ca652f8d446c6eed,Creativity for Kids 1846000 Creativity For Kids Holiday Snow globes - Makes 3 Christmas Snow globes for Kids (New Packaging),Toys & Games | Arts & Crafts | Craft Kits,$19.99 ,1
3fb7a1835c876b17ff605f5136afecac,Spicebox Fun with Paper Planes,Toys & Games | Arts & Crafts | Craft Kits | Paper Craft,$22.61 ,4
971222eab25f818a1d9b37115e443214,"ROYAL BRUSH Junior Small Paint by Number Kit 8-3/4""X11-3/4-Tiger in Hiding",Toys & Games | Arts & Crafts | Craft Kits | Paint-By-Number Kits,$5.99 ,11
3abfa485217693ed3bf20110e1e3f2d1,Educational Insights See & Stamp Jumbo Alphabet Stamps - Lowercase (20 Pieces),Toys & Games | Arts & Crafts,$18.75 ,9
9b9c1b20d1a7bf85170aa29cd3cb826a,Cra-Z-Art Cra-Z-Loom Bracelet Maker Kit,Toys & Games | Arts & Crafts | Craft Kits | Jewelry,$12.88 ,6
80d31ccb5b61904be3065069a6f69d1e,CREATIVE ROOTS 2-in-1 Window Art & DIY Chalk Art by Horizon Group USA,Toys & Games | Arts & Crafts | Craft Kits,$10.46 ,3
15b578c98141ff536a44d57c1b8c7b24,Alex Spa Style & Go Nail Studio Girls Fashion Activity,Toys & Games | Arts & Crafts | Craft Kits,$20.59 ,14
4ac977cc66b62f182e07a919a6ca577f,Bendon 26042 Thomas and Friends Imagine Ink Magic Ink Pictures,Toys & Games | Arts & Crafts,$8.95 ,13
af2af50d7bba09dafc31e053db63f659,AquaBeads Disney Minnie Mouse Playset,Toys & Games | Arts & Crafts,$16.94 ,8
5aab9f5a2e97b3b4b65df3f90bda060d,Micador jR. Besties Marker Mates,Toys & Games | Arts & Crafts,$12.99 ,1
e926677835218ffcad7902cd1e48f910,Jumbo Circular Washable Pads - 10 count - Assorted colors,Toys & Games | Arts & Crafts | Printing & Stamping,$46.49 ,2
869466149617278b146ee660e14b1aaa,Playgo Desserts Factory,Toys & Games | Arts & Crafts | Clay & Dough,$15.99 ,13
8ed4adac8ee65ebb3ecc5c2ca93daadf,S&S Worldwide SP3900AS Fine Terrarium Sand (Pack of 12),Toys & Games | Arts & Crafts | Craft Kits | Sand Art,$23.94 ,8
bf456e68464aa97bc15c5c28966f2a4a,Wellspring Grownup Notebook (6307),Toys & Games | Arts & Crafts,$14.72 ,8
d75ac17a67d900e6911282d875ea80f6,Aquabeads Pastel Solid Bead Pack,Toys & Games | Arts & Crafts,$7.95 ,5
24f436d0dfbe056e4c917b2fba8d42f3,Craft-tastic – Empower Poster – Craft Kit – Design a One-of-a-Kind Inspirational Poster,Toys & Games | Arts & Crafts | Craft Kits | Paper Craft,$14.47 ,7
2578d8ed09b88c26826ecb587c80e66c,C&D Visionary DC Comics Originals Batman Logo 6 cm Embossed Metal Emblem Sticker,Toys & Games | Arts & Crafts | Craft Kits,$4.99 ,3
2e960c9d9d05612eebd5ce5f2f014832,Licenses Products Allman Shroom Die Cut Sticker,Toys & Games | Arts & Crafts | Stickers,$5.79 ,13
bda77aee6f4fe99d3ecd8b6fe12da1eb,Teacher Created Resources Hot Air Balloons Stickers (5339),Toys & Games | Arts & Crafts | Stickers,$6.18 ,12
5057e6dc8931bf1f66efc63e4ada431f,Trolls Glitter Velvet Art Set,Toys & Games | Arts & Crafts | Craft Kits,$14.43 ,4
4a3ec423367a0ffcca5e334e42b76adb,Shrinky Dinks Cool Stuff Activity Set Kids Art and Craft Activity,Toys & Games | Arts & Crafts | Craft Kits,$9.20 ,12
0ae7b193c56c45e6c89fcdc3a1fffa31,"ROYAL BRUSH PJS44 The Mail Menace Junior Small Paint by# Kit 8.75""x11.75""",Toys & Games | Arts & Crafts | Craft Kits | Paint-By-Number Kits,$5.99 ,6
bb65b9076bc2c47cd5b5183106d7dab4,Kahootz Fashion Plates Travel Kit,Toys & Games | Arts & Crafts | Craft Kits,$8.93 ,9
dfce7de0dc3805a3bf39dddcddb916fb,Melissa & Doug Deluxe Watercolor Paint Set With 21 Paints and Paintbrush,Toys & Games | Arts & Crafts | Drawing & Painting Supplies | Paints | Watercolor Paint,$9.94 ,5
7c1647311819271b4f7b78e279601bf8,Be Good Company Black Sand (Refill Pack),Toys & Games | Arts & Crafts | Craft Kits | Sand Art,$7.75 ,11
dd39fb7f94abe30bf7b0b480395dc045,Tiger Tribe Forest Fairies Colouring Set,Toys & Games | Arts & Crafts,$9.99 ,14
8e6e36fce9fd8e34c048002b21167f1f,Melissa & Doug Water Wow Activity Book - Alphabet and Fairy Tale Bundle,Toys & Games | Arts & Crafts,$11.89 ,6
aab6fc70f1fafa23b4beffa705dab35f,Cra-Z-Art Glue & Adhesives (Office Essentials) Glue Washable,Toys & Games | Arts & Crafts,$2.97 ,5
c3ac00ee606d9cb513ecf3caa42d933b,Color Splash! Tempera Paint Marker Set - Primary Colors,Toys & Games | Arts & Crafts | Drawing & Painting Supplies | Paints | Tempera & Poster Paint,$12.77 ,5
4e81af8afe3d603d4415e8f04900e8ec,Application Flintstones Dino Bark Patch,Toys & Games | Arts & Crafts | Adhesives,$8.97 ,7
7085142b43f1c6f0bb104e3e13057c16,Carson Dellosa Student Sticks Manipulative (146000),Toys & Games | Arts & Crafts,$7.49 ,9
63bf6452116e85c2c2cf24dd37adc7a1,Faber-Castell Learn to Watercolor Set - Complete Watercolor Paint and Paper Beginner Set - Washable Paint Set for Kids,Toys & Games | Arts & Crafts | Craft Kits | Paint with Water Kits,$13.95 ,9
113ed8c65befa4421424142f6c84ecf8,Essentials Sticker,Toys & Games | Arts & Crafts | Stickers,$6.61 ,6
56bbd9b63838c7ae17ad1eafd00b3549,Small World Toys Creative- Tapestry Art Koala Giraffe Creative Tapestry Art,Toys & Games | Arts & Crafts | Craft Kits,$19.77 ,5
8b0e2496f98877accee1b1a6eae888b7,Lisa Frank Coloring and Activity Box Kit Bendon AS42325,Toys & Games | Arts & Crafts | Craft Kits,$9.45 ,15
74f5925c633c2c08c59194fe876dee0a,"Center Enterprise CE995""Frog LIFECYCLE"" Stamp",Toys & Games | Arts & Crafts | Craft Kits,$18.07 ,4
09f2c379b2bf09fffab9927316967312,Small World Toys Fashion - Designer Dress a Doll - Sophia Plush Purse,Toys & Games | Arts & Crafts | Craft Kits | Sewing,$7.29 ,1
9af3c93abf9ee971011668ae91384c6c,Melissa & Doug Paint With Water Set - Vehicles and More,Toys & Games | Arts & Crafts | Craft Kits | Paint with Water Kits,$9.19 ,10
96058a1f08457e4dc1fe835c9316ea04,Melissa & Doug Decorate-Your-Own Wooden Train Craft Kit,Toys & Games | Arts & Crafts | Craft Kits | Wood,$4.99 ,13
b4f814764bd7fd93702c4cf1476765ba,RoseArt Jumbo Crayons 8-Count Packaging May Vary (078VA-8),Toys & Games | Arts & Crafts | Drawing & Painting Supplies | Crayons,$4.85 ,8
b8ccfd34f95fd44dd2b2b281adf5d33f,Name Stampers Emily Rubber Stamps,Toys & Games | Arts & Crafts,$6.99 ,5
890a159151e8dd28b5e5ccdf3d8fdcef,C&D Visionary Pink Floyd Back Catalogue Sticker Childrens Arts & Crafts Adhesives,Toys & Games | Arts & Crafts | Adhesives,$7.15 ,5
f8d99b7f8d6a9c940a798b3f035d5140,Alex Spa Color Shift Ombre Nails Girls Fashion Activity,Toys & Games | Arts & Crafts | Craft Kits,$8.49 $ 8 . 49,12
f79eededf55703609b806a754e23ea67,Blade Chroma BLH8631 Camera Slide Mount,Toys & Games | Arts & Crafts | Craft Kits,$7.99 ,4
e5b5903c1b5e8703e26837e6cc10583d,Roylco Inc. R-2113 Tropical Colored Noodles Art-a-roni,Toys & Games | Arts & Crafts,$12.41 ,7
afa039b162ca5fd185f917151e96773d,Klutz Coloring Crush,Toys & Games | Arts & Crafts,$12.54 ,4
a32817fcc8f8421689d0805770966739,C&D Visionary S-8078-M Stickers-Self Adhesive Action Figure,Toys & Games | Arts & Crafts,$3.99 ,8
e0a43feebe8632b4b4cc676e9a89226c,Breyer Classics Customizing - Thoroughbred Horse Craft Activity Set,Toys & Games | Arts & Crafts,$19.99 ,15
3e736b00eda4c6a65aa73ec62191b164,Trends International Hello Kitty Sticker Travel Book,Toys & Games | Arts & Crafts | Stickers,$4.99 ,7
c68decd8181f408375694c4f39b71e78,Alex Desk to Go Kids Art Supplies,Toys & Games | Arts & Crafts | Drawing & Painting Supplies,$12.39 ,2
ea492ce3c2469d05e556e4afc24a6952,Breyer Stablemates Suncatcher Unicorn Craft Set | 5 Piece Set | 1:32 Scale | Model #4220,Toys & Games | Arts & Crafts | Craft Kits,$19.99 ,7
6431328977e4149a4a733c22eb374869,Alex DIY Sew Corky Elephant Plush Kids Art and Craft Activity,Toys & Games | Arts & Crafts | Craft Kits | Sewing,$13.09 ,3
d4adba0e3aa5d072802cfb56d839db21,ALEX Toys Do-it-Yourself Wear Beading Around Jewelry,Toys & Games | Arts & Crafts | Craft Kits,$15.89 ,1
a1d9bb610088492a2e4520c2c85d5643,Loopdeloom Refill Yarn,Toys & Games | Arts & Crafts | Craft Kits,$12.98 ,1
8ad69a322a33bd72054748418ad77988,Alex Spa My Lites Custom Streaks Girls Fashion Activity,Toys & Games | Arts & Crafts | Craft Kits,$13.87 ,9
7b50e9a75ec421f46890e5a2fbe09c50,Style Me Up! Charmazing Deluxe Kit Asst. Kids Art Crafts,Toys & Games | Arts & Crafts | Craft Kits,$9.99 ,2
8f9b7f800ef1103fdf4458c5c415bf49,My Studio Girl Mini Pillows - Cat,Toys & Games | Arts & Crafts | Craft Kits | Sewing,$12.53 ,9
7b0e179a754efa2f4cb8f85683c6d57e,Carson Dellosa Celebrate with Colorful Owls Shape Stickers (168145),Toys & Games | Arts & Crafts | Stickers,$4.82 ,8
42e45a13d53b127e984d8875197032eb,Trends International NHL Nashville Predators HG - Mobile Wallet,Toys & Games | Arts & Crafts,$6.99 ,5
a2d8bea8927e431382e3680aec92382a,Alex DIY Sweetlings Sprinkle Shop,Toys & Games | Arts & Crafts | Craft Kits,$14.26 ,14
bc02418972ca63735669ba51d4238ed6,CrayolaÂ Washable Tempera Paint - Set of 9 Pints,Toys & Games | Arts & Crafts | Drawing & Painting Supplies | Paints,$46.89 ,4
e859a1d84c4006937b28eb63271265e2,RoseArt Washable Sidewalk Chalk Paint Neon Jumbo Markers,Toys & Games | Arts & Crafts | Drawing & Painting Supplies | Chalk,$6.99 ,14
ea75ada8c2af4f1dbceefa423ca77989,Lulu Jr. IlluStory Junior,Toys & Games | Arts & Crafts | Craft Kits,$19.99 ,13
26ae902763faffb058f8bd974c7ffc29,Trends International Incredibles 2 - Gel Pen 2Pk,Toys & Games | Arts & Crafts,$6.99 ,11
49cfce093f99ff61de461a332aedcef0,Melissa & Doug Scratch Art Mask-Ease for Cut-Out Designs on Fabric (10 x 15 inches),Toys & Games | Arts & Crafts,$5.60 ,14
f90f4491a2f09895f44ef8ff67a15d33,Cra-Z-Art CRA-Z-Knitz Messy Bun Hat & Texting Gloves Knitz Hat & Gloves,Toys & Games | Arts & Crafts | Craft Kits,$30.00 ,2
6eb107d896b739ccb94ac255b3814d72,Licenses Products Grateful Dead Psycle Sam Sticker,Toys & Games | Arts & Crafts | Stickers,$4.99 ,3
b329af800de17b07b78e6cd7042fd799,Mudpuppy Unicorns Color-In Crowns,Toys & Games | Arts & Crafts,$13.99 ,14
e9cd5ac93852faf058cb5050e7de1bd3,Sandylion Thomas The Tank Bitty Bitts,Toys & Games | Arts & Crafts | Stickers,$6.03 ,1
6a4f2e74f3465d692f8ee1170358a1d4,Trends International New York Giants Projector Pen,Toys & Games | Arts & Crafts,$7.52 ,2
ef470a96e623c95b27f02bcdc8a4123e,Melissa & Doug Scratch Art 2-Pack: Mini Rainbow Notes (Box of 125) and Doodle Pad (16 Pages),Toys & Games | Arts & Crafts,$13.98 ,6
4548974e15b17a14d9d48dc9b184997a,Colorbok Sew Cute Kids Craft Kit,Toys & Games | Arts & Crafts | Craft Kits | Sewing,$14.99 ,14
b84a2e4837730978d912e578aed3ff8f,Alex Spa Sweet Escentials Roll-Ons Girls Fashion Activity,Toys & Games | Arts & Crafts | Craft Kits,$18.00 ,6
b11dba4e520f2cf8e416eba1def05a0e,Constructive Playthings Orange Colored Ink Large Washable Stamp Pad Kid Set for Rubber Stamps,Toys & Games | Arts & Crafts | Printing & Stamping,$9.27 ,10
e75a49841560edab8236322842a01b0b,Faber-Castell - Paint By Number Peacock Art Kit - Premium Kids Crafts,Toys & Games | Arts & Crafts | Craft Kits | Paint-By-Number Kits,$12.38 ,9
277802cb379a60d4793dc9ffb0b94c65,Hape DIY Flower Press Art Kit| Wooden & Plant Plastic Art Flower Press for Children Ages 5 & Up,Toys & Games | Arts & Crafts | Craft Kits | Flower Pressing,$15.99 ,1
713130e2387de891613f23af07946690,ALEX Spa Nail `Pressions - 2 Dye 4,Toys & Games | Arts & Crafts | Craft Kits,$6.79 ,10
b2b2f9a004744faecb65c3bc5b9dc47d,Name Stampers Taylor Rubber Stamps,Toys & Games | Arts & Crafts,$5.99 ,4
c31b7fcbc8517bc40521c107e85ad4f2,Trends International Super Wings - Mini STICKERLAND 6PG Pad,Toys & Games | Arts & Crafts | Stickers,$6.97 ,2
400c42ad50491cde2cd9e9f9d0d86ee8,4M Paint Your Own Mask Kit,Toys & Games | Arts & Crafts | Craft Kits,$11.99 ,13
fff6d7c35dbf413ef82340105215dbba,Trends International Deadpool 2 - 4 Color Decal - 4 X 8,Toys & Games | Arts & Crafts | Stickers,$4.99 ,11
0d45672b2e485502aef4b2908473f23b,Craft-tastic Needle Felt Pillow Kit,Toys & Games | Arts & Crafts | Craft Kits | Felt Kits,$4.39 ,6
554c4ee5f55a63d2018f0a6458fbf05d,Artstraws Class Pack,Toys & Games | Arts & Crafts,$37.99 ,14
4c8ca5576dc242bf6c1a276e605c8ef7,Canal Toys USA Ltd Power Dough Pets Medium Box Interactive Dough (17 Piece),Toys & Games | Arts & Crafts,$6.99 ,2
12a67076ae338b31c4536110e37b1d36,Mudpuppy Pirates Make-a-Mask,Toys & Games | Arts & Crafts | Craft Kits | Paper Craft,$11.33 ,12
241fea690e33c81c172d94ad9d907d86,Stamps by Impression ST 0766a Lion Rubber Stamp,Toys & Games | Arts & Crafts,$7.03 ,2
878b0321599e7f5c5a42e6418c7daca7,Inovart Skratch n' Sketch Multicolor Scratch Paper (50 Sheets),Toys & Games | Arts & Crafts | Craft Kits,$21.80 ,5
a3f682f80f327409554e5ba0e5792b27,FOLDOVER STICKER,Toys & Games | Arts & Crafts | Stickers,$4.99 ,4
17ffc622eefe4c5b1f9b7df5c4aea899,Sugar Lulu Sweet Pics Photo Frames Sea Breeze,Toys & Games | Arts & Crafts | Craft Kits | Scrapbooking,$5.42 ,5
69e7ec55fe724083984f1031b1d0a77d,Trends International PJ Masks - Sticker Flip Pack,Toys & Games | Arts & Crafts | Stickers,$4.99 ,1
925174b28ced5039a2f16de58859aade,CTA Digital Kids Drawing Easel for iPad,Toys & Games | Arts & Crafts | Easels,$29.99 ,5
ad9fdd2c60f2e30c0685b72a2a4f4a9a,Kraft Tool DC615 Glitter Gun,Toys & Games | Arts & Crafts | Adhesives,$84.58 ,1
925a65f62da811353fa2478d58827b48,Nickelodeon Sunny Day 100-Piece Coloring and Activity Set Bendon AS45456,Toys & Games | Arts & Crafts,$9.41 ,11
711497d0c473692accf717355287beee,Gund Pusheen The Cat Pastel 13 Sticker Set Plush,Toys & Games | Arts & Crafts | Stickers,$5.00 ,10
67a893d9bc9a3fc9c4ff6eab87a774ce,Educational Insights The Sea Squad Puppet-on-a-Stick Party Pack of 9,Toys & Games | Arts & Crafts,$69.99 ,10
d14845c35f10437137c9652ab3a2d443,Keith Kimberlin Puppies Sticker Flip Pack.,Toys & Games | Arts & Crafts | Stickers,$4.99 ,1
4925734251bf0ce66674043f450ffaad,Trends International Suicide Squad Projector Pen,Toys & Games | Arts & Crafts,$6.98 ,2
0882b210e98b8cf7543933abd26f7089,Trends International Dead Pool - One Color Decal,Toys & Games | Arts & Crafts | Stickers,$2.75 ,1
98a194e67a418c30a5aec9545fcfc8a4,Cra-Z-Art Timeless Creations Adult Coloring Books: Creative Quotes Coloring Book (16271-6),Toys & Games | Arts & Crafts,$9.93 ,9
7cc174cdcc489dde3144979c0e53b191,"Center Enterprise CE916""Tangram Parts"" Stamp (Pack of 5)",Toys & Games | Arts & Crafts,$6.43 ,7
771fbd0464083d507c529ba9c95ebf82,Bendon 42590-Amzb Kathy Ireland Mandalas 80-Page Advanced Coloring Book (12-Count),Toys & Games | Arts & Crafts,$36.03 ,11
dd1976d429cf8ad4e1dbbf8a812bdfe8,Funko Pop Keychain DC Wonder Woman Movie Wonder Woman Action Figure,Toys & Games | Arts & Crafts | Craft Kits,$6.99 ,11
debaea37a256d4e0a761ba33a69bc355,Eureka Photo Construction Stickers,Toys & Games | Arts & Crafts | Stickers,$7.84 ,10
856d8b7dd5c53f35a39de61e4976977c,MasterPieces Works of Ahhh Airplane Real Wood Paint Kit,Toys & Games | Arts & Crafts | Drawing & Painting Supplies | Paints | Watercolor Paint,$15.33 ,3
a1f3f2ff7fd6dcf04ae61c97bb905769,smART sketcher - SD Pack - Under The Sea,Toys & Games | Arts & Crafts,$12.99 ,8
655ccf51070f8461814d01d1d677354a,Trends International Jake Paul Jump - ROOMSCAPES Poster Decal - 18'' X 24'',Toys & Games | Arts & Crafts | Stickers,$12.99 ,9
1dcf57742d2178397c85830324132cbb,Craft-tastic – Make A Fox Friend – Craft Kit Makes 1 Easy-to-Sew Stuffie with Clothes & Accessories,Toys & Games | Arts & Crafts | Craft Kits | Sewing,$19.98 ,12
eef30883ba26c0d27d0d04b381deb904,Trends International Teenage Mutant Ninja Turtles Craft Sticker Flip Pack,Toys & Games | Arts & Crafts | Stickers,$6.99 ,8
54dc14da7fe2ba5c4ce92f1a7cb1324b,Prima Marketing Metal Dies for JN Stamp Audrey,Toys & Games | Arts & Crafts | Printing & Stamping,$15.28 ,14
3e4341923039198df6597ac928a570de,Trends International I Can & I Will - 4 Color Decal 4 X 8,Toys & Games | Arts & Crafts | Stickers,$4.68 ,12
49aa220aa285d9dcbc22033bf0f4543c,KidKraft Tabletop Easel - Espresso with Brights,Toys & Games | Arts & Crafts | Easels,$23.99 ,1
d2403c042f8cd576a2b94772ac5147b0,Application Hello Kitty Head Shot Back Patch,Toys & Games | Arts & Crafts,$14.66 ,11
9cd2a6dcc64c44eb5ebe4056875ed76d,Paper Craft Stickers,Toys & Games | Arts & Crafts | Stickers,$6.19 ,4
5b0d23f1f7d02f1bece036f5e5aa7a9a,Trends International Super Hero Girls - Slim Fun Pack,Toys & Games | Arts & Crafts | Stickers,$7.99 ,11
73ddb70007f3341d4b43d1d8aee45476,Master Kitz The Tree of Life,Toys & Games | Arts & Crafts,$9.99 $ 9 . 99,12
837e8e4c16ed3ec46b222485001e9ef3,Mohawk Finishing Products M230-0333 Fil-Stik Repair Pencil (Heritage Oak),Toys & Games | Arts & Crafts | Drawing & Painting Supplies | Crayon Sharpeners,$3.99 ,12
43beb80d700a6eaa967fc18822bb107b,JayBeeCo Hatchimals Children's Multipurpose Snack Activity Tray,Toys & Games | Arts & Crafts,$17.99 ,3
3905a63e663536b321f26f591a503fe1,Disney Frozen 2 Create-a-Scene Sticker Pad and Sticker Scenes 46033,Toys & Games | Arts & Crafts,$5.99 ,9
b89801f69e17908fa86263f89010c367,Quercetti Pixel Photo 9 Image,Toys & Games | Arts & Crafts | Craft Kits | Mosaics,$72.79 ,10
7ffc8739015b671d8bc203e473c4b48b,WikkiStix Big Count Box Molding & Sculpting Sticks,Toys & Games | Arts & Crafts,$25.00 ,9
7d665e8bc10d0bbf75e724dfb8e2b92c,Melissa & Doug Tape Activity Book & Felt Stickers Bundle,Toys & Games | Arts & Crafts | Adhesives,$11.42 ,10
b9757b04ab59beb31329bc6a304dd6ab,Craft-tastic - Design Your Own Flower Art Canvas - Craft Kit - Arrange Paper Flowers & Pre-Cut Designs to Create Personalized Art,Toys & Games | Arts & Crafts | Craft Kits,$20.40 ,1
6bcd3b619fe5cdae13a9a115cd446c4e,Dover Publications-Glow-in-The-Dark Night Sky Stickers,Toys & Games | Arts & Crafts | Stickers,$9.84 ,10
028374085f9574f1d4545f3ae0008a12,Mrs Grossman Stickers-Chubby Train,Toys & Games | Arts & Crafts | Stickers,$5.41 ,12
fd860d5cf447f060582c10e778b6b098,Plushcraft Owl Pillow,Toys & Games | Arts & Crafts | Craft Kits,$16.99 ,2
3507eea1179ac6bf3d0b5770b297b4cf,"""Buggy"" for Bugs Stickers",Toys & Games | Arts & Crafts | Stickers,$6.09 ,3
629c2fc76e41d5e9e31a565ca329e487,Creativity for Kids My Holiday Handprint Mini Craft Kit – Create A Handprint Or Paw Print Ornament Making Kit,Toys & Games | Arts & Crafts,$6.49 ,10
4b62ba3ef8460045e7581e4c8d3a424d,Constructive Playthings OX-17 Animals for Preschool Bricks,Toys & Games | Arts & Crafts,$30.40 ,10
6d2ad6ee67ff6e96bfa93c4c9ca6b3af,Kunin 9 X 12 Glitter Felt 12 Pack Kelly Green,Toys & Games | Arts & Crafts | Craft Kits | Felt Kits,,15
fd7df111c8999ee2913c0e1fdd8724ea,Mrs. Grossman's Butterfly Sticker Activity Book,Toys & Games | Arts & Crafts | Craft Kits,$14.45 ,11
862be540af7c096ede31c3ce88743b0e,3-D Animal Eraser | Party Favor,Toys & Games | Arts & Crafts | Drawing & Painting Supplies | Pencil Erasers,$5.86 ,7
deba359838e0368a04dfd0684d04ab01,SES Creative Pegboard-Dog Arts and Crafts,Toys & Games | Arts & Crafts,$7.99 ,7
3068a31c7f98ef95df3984857bba1ca8,Tiger Tribe Dinosaurs Colouring Set,Toys & Games | Arts & Crafts,$9.99 ,8
77fedd69198fb303cbc5f16eae1b6706,"Ooly Jumbo Brights Neon Colored Pencils - Chunky Set of 8 - 7"" Long - Ages 4+",Toys & Games | Arts & Crafts | Drawing & Painting Supplies | Colored Pencils,$5.95 ,7
a7ff2250039bc038bfb99dfc801ba690,T.S. Shure Cowboys & Rodeo Discovery Book,Toys & Games | Arts & Crafts | Craft Kits,$44.95 ,15
6a55e3426988f57aaa7d68413db802ef,Basic Fun Lite-Brite Peg and Template Refill Pack,Toys & Games | Arts & Crafts,$9.99 ,3
b7bb735163215742cebede10af92b75d,Trends International Woodland Animals 2 Essentials Sticker,Toys & Games | Arts & Crafts | Stickers,$2.49 ,4
96e9e940c823c97d3bedeb8f185f2fdb,Trends International Colorful Arrows - Foil,Toys & Games | Arts & Crafts,$3.99 ,6
0ffadc4d2179144f6e3d482250a3e468,American Crafts Chalkboard Letters X,Toys & Games | Arts & Crafts | Craft Kits,$4.37 ,13
3fc43bbeeaa70d8216a9a81417d32a75,SES - Flower Pegboard,Toys & Games | Arts & Crafts,$6.45 ,2
45782976fb6b21a592adeb3a7c42cf73,School Zone Pub LGR Learn The Alphabet Little Get Ready Bks,Toys & Games | Arts & Crafts,$4.11 ,13
b6afe2e1a157c18b0ac41a6e183bb7ca,Trends International Paisley - Clear with Glitter,Toys & Games | Arts & Crafts | Stickers,$3.99 ,14
7fee76c91e6afe9c0de45cdb6cc20272,Coloring Books Allison Drawing Book,Toys & Games | Arts & Crafts,$4.99 ,10
f6c679f8efe9dd23e8c9e2d73f017e73,Trends International Emoji - Pop Up Stickers,Toys & Games | Arts & Crafts | Stickers,$1.77 ,12
2a4ddaf564b1406ee9806660de081e99,AMAV Sand Art Glitter & Glow Activity Kit - DIY Make Your Own Beautiful Colorful Sand Art in Bottle,Toys & Games | Arts & Crafts | Craft Kits | Sand Art,$11.99 ,15
867051cabb120d8831c6c978b0eff819,Eric Carle The Very Hungry Caterpillar Super Dough Set of 8 Tubs in Vinyl Bag Model Kit,Toys & Games | Arts & Crafts | Clay & Dough,$19.60 ,10
5420e35dd3706df40ff8373b770b40a6,Play-Doh PD TRS Poppy,Toys & Games | Arts & Crafts | Clay & Dough,$14.99 ,14
f465ad4acf86c92f9330efc9d1b256ff,School Smart Chisel Tip Watercolor Markers - Set of 12 - Assorted Colors,Toys & Games | Arts & Crafts,$8.01 ,2
cd961f321fc9f6b026ebd2ebedcaa557,Creativity for Kids Stunt Squadron Craft Kit - Create 5 Foam Planes,Toys & Games | Arts & Crafts | Craft Kits,$12.99 ,1
2ad7736ae584ac1834ba6d3b010857f4,Trends International Despicable Me 3 - Standard 4 Sheet,Toys & Games | Arts & Crafts | Stickers,$4.99 ,8
3b3a4fd5a829c5847772982b07b35af2,Bendon Disney Sofia the First Color and Play 32-Page Activity Book,Toys & Games | Arts & Crafts,$4.95 ,13
b5df03f56c26c197bad15a5e9f6a5caf,Trends International Heart - Generic Wiggle Pen,Toys & Games | Arts & Crafts,$9.51 ,12
d7f7b160838a273a7d59e828371e3ecb,Trends International Owls - Pop Up Stickers,Toys & Games | Arts & Crafts | Stickers,$4.99 ,14
f5406389b6667e6faf0d5c3bc535437a,Trends International Alphabet - Pop Up Stickers,Toys & Games | Arts & Crafts | Stickers,$4.99 ,1
f89e29c6b423ec4a00fadff90e5a0039,4M Magical Animal Rock Painting DIY Craft Kit,Toys & Games | Arts & Crafts | Craft Kits,$14.99 ,13
b0b3ceba59f8a2f52da8e6b9082bc296,Small World Toys Fashion - Collectible Erasers Boutique,Toys & Games | Arts & Crafts | Drawing & Painting Supplies | Pencil Erasers,$28.97 ,14
ac8cf721effe9323849f301c14e236dd,"Inky Antics Mounted Rubber Stamp 2.5""X3.75""-Fashionable Faye",Toys & Games | Arts & Crafts,$9.60 ,10
e1e9f592e3c681ae17d9eff1e75dd124,Kahootz Action Plates Drawing Playset,Toys & Games | Arts & Crafts,$14.92 ,8
d81e60eb850d141228c3918822f7ffee,Constructive Playthings CP-714 Constructive Playthings Modeling Dough - Set of 6,Toys & Games | Arts & Crafts | Clay & Dough,$51.36 ,14
2d21c319d86183c4be1b5f48084d3995,Rose Art Ghostbusters Test Tube Slime Blind Pack,Toys & Games | Arts & Crafts | Drawing & Painting Supplies | Paints,$3.95 ,3
275c17f3a7b28caee5f0036ff67bde0e,Name Stampers Special Little Girl Rubber Stamps,Toys & Games | Arts & Crafts,$4.86 ,5
c31aa152c0a5d11212892316bf2e4d6e,Mudpuppy Monsters Cardboard Tube Craft Kit,Toys & Games | Arts & Crafts | Craft Kits | Felt Kits,$19.33 ,5
319607185256c374896a572ed52382e7,Center Enterprise CE6779 READY2LEARN Giant Creative Art Set (Pack of 6),Toys & Games | Arts & Crafts | Drawing & Painting Supplies,$11.29 ,2
9c055f8c2223b1c11ed8acb1ca1bfe6b,Trends International Jake Paul Team 10 - One Color Decal,Toys & Games | Arts & Crafts | Stickers,$4.99 ,5
ea352021bc80f92f9dc44efdf3d5d8a0,Trends International Make Up Artist - Standard Value Dimensional Clear Spot Foil,Toys & Games | Arts & Crafts | Stickers,$3.99 ,8
e31cdfa6a79d316052adfda7be9a8daa,Craft Crush DIY Craft Kit Makes 8 Unique Necklaces,Toys & Games | Arts & Crafts | Craft Kits | Jewelry,$19.81 ,6
ddb01ec74b559f7268eb591fb9f7bf21,Licenses Products J. Dean New York Sticker,Toys & Games | Arts & Crafts | Stickers,$2.18 ,1
d5ec42ba5d801860b0e89173c052bfef,School Smart 88679 Non Toxic Modeling Dough - 3 1/3 pounds - Orange,Toys & Games | Arts & Crafts | Clay & Dough,$9.09 ,13
0c6657ff6414e42da98916701462334b,Eureka Mint Stickers - Scented,Toys & Games | Arts & Crafts | Stickers,$8.20 ,9
ca393503c30f861eb581accd2aadbc71,"Melissa & Doug Created by Me! Butterfly Magnets, Arts & Crafts, Easy to Assemble, Supplies for 4 Projects, 8.75” H x 5” W x 1” L Created by Me! Flower Wooden Magnets Craft Kit",Toys & Games | Arts & Crafts,$9.98 ,5
b5e95ab2a5f8583c3afed604b9fc55ad,Orbeez - Ultimate Soothing Spa,Toys & Games | Arts & Crafts,$21.53 ,2
0bf96c8767d1e7b67edae32eceba4200,Carson Dellosa Animals Stickers (168094),Toys & Games | Arts & Crafts | Stickers,$5.99 ,9
29e433fd731730496a042c3f004445b3,Ruby Red Paint Face Paint Brush - Large Rnd,Toys & Games | Arts & Crafts | Drawing & Painting Supplies | Paintbrushes,$6.00 ,6
453001f47581fd3ea597beb1a435b171,Ranger 2 Dylusions Creative Dyary Sticker Book,Toys & Games | Arts & Crafts | Stickers,$11.99 ,4
ee121eb851dcbc4b9698ae0475e185f5,C&D Visionary G. Dead Space Your Face Metal Sticker,Toys & Games | Arts & Crafts | Craft Kits,$6.99 ,3
e11514dcf1f087887cd5ea0bd646d1fc,Trends International NFL La Chargers HG - Mobile Wallet,Toys & Games | Arts & Crafts,$6.99 ,13
c2928dbf9796ceba44863a2736afb405,Disney Princess Do It Yourself Braid Set,Toys & Games | Arts & Crafts | Craft Kits,$3.58 ,15
